-- phpMyAdmin SQL Dump
-- version 5.0.1
-- https://www.phpmyadmin.net/
--
-- Host: 127.0.0.1
-- Generation Time: Nov 25, 2022 at 06:47 PM
-- Server version: 10.4.22-MariaDB
-- PHP Version: 7.4.1

SET SQL_MODE = "NO_AUTO_VALUE_ON_ZERO";
SET AUTOCOMMIT = 0;
START TRANSACTION;
SET time_zone = "+00:00";


/*!40101 SET @OLD_CHARACTER_SET_CLIENT=@@CHARACTER_SET_CLIENT */;
/*!40101 SET @OLD_CHARACTER_SET_RESULTS=@@CHARACTER_SET_RESULTS */;
/*!40101 SET @OLD_COLLATION_CONNECTION=@@COLLATION_CONNECTION */;
/*!40101 SET NAMES utf8mb4 */;

--
-- Database: `laravel_shopping_cart`
--

-- --------------------------------------------------------

--
-- Table structure for table `failed_jobs`
--

CREATE TABLE `failed_jobs` (
  `id` bigint(20) UNSIGNED NOT NULL,
  `uuid` varchar(255) COLLATE utf8mb4_unicode_ci NOT NULL,
  `connection` text COLLATE utf8mb4_unicode_ci NOT NULL,
  `queue` text COLLATE utf8mb4_unicode_ci NOT NULL,
  `payload` longtext COLLATE utf8mb4_unicode_ci NOT NULL,
  `exception` longtext COLLATE utf8mb4_unicode_ci NOT NULL,
  `failed_at` timestamp NOT NULL DEFAULT current_timestamp()
) ENGINE=InnoDB DEFAULT CHARSET=utf8mb4 COLLATE=utf8mb4_unicode_ci;

-- --------------------------------------------------------

--
-- Table structure for table `migrations`
--

CREATE TABLE `migrations` (
  `id` int(10) UNSIGNED NOT NULL,
  `migration` varchar(255) COLLATE utf8mb4_unicode_ci NOT NULL,
  `batch` int(11) NOT NULL
) ENGINE=InnoDB DEFAULT CHARSET=utf8mb4 COLLATE=utf8mb4_unicode_ci;

--
-- Dumping data for table `migrations`
--

INSERT INTO `migrations` (`id`, `migration`, `batch`) VALUES
(1, '2014_10_12_000000_create_users_table', 1),
(2, '2014_10_12_100000_create_password_resets_table', 1),
(3, '2019_08_19_000000_create_failed_jobs_table', 1),
(4, '2019_12_14_000001_create_personal_access_tokens_table', 1),
(5, '2022_11_25_053748_create_products_table', 1),
(6, '2022_11_25_053847_create_product_stocks_table', 1),
(7, '2022_11_25_053906_create_orders_table', 1),
(8, '2022_11_25_053923_create_order_details_table', 1);

-- --------------------------------------------------------

--
-- Table structure for table `orders`
--

CREATE TABLE `orders` (
  `id` bigint(20) UNSIGNED NOT NULL,
  `user_id` bigint(20) UNSIGNED NOT NULL,
  `invoice_no` varchar(255) COLLATE utf8mb4_unicode_ci NOT NULL,
  `amount` double(8,2) NOT NULL,
  `charge` double(8,2) NOT NULL,
  `discount` double(8,2) NOT NULL,
  `total` double(8,2) NOT NULL,
  `status` enum('pending','completed','delivered') COLLATE utf8mb4_unicode_ci NOT NULL DEFAULT 'pending',
  `created_at` timestamp NULL DEFAULT NULL,
  `updated_at` timestamp NULL DEFAULT NULL
) ENGINE=InnoDB DEFAULT CHARSET=utf8mb4 COLLATE=utf8mb4_unicode_ci;

--
-- Dumping data for table `orders`
--

INSERT INTO `orders` (`id`, `user_id`, `invoice_no`, `amount`, `charge`, `discount`, `total`, `status`, `created_at`, `updated_at`) VALUES
(23, 1, 'INV4486937232', 145.50, 0.00, 0.00, 145.50, 'pending', '2022-11-25 11:43:21', '2022-11-25 11:43:21'),
(24, 1, 'INV7196901011', 173.00, 0.00, 0.00, 173.00, 'pending', '2022-11-25 11:46:18', '2022-11-25 11:46:18'),
(25, 1, 'INV8023609537', 145.50, 0.00, 5.00, 140.50, 'pending', '2022-11-25 11:46:21', '2022-11-25 11:46:21');

-- --------------------------------------------------------

--
-- Table structure for table `order_details`
--

CREATE TABLE `order_details` (
  `id` bigint(20) UNSIGNED NOT NULL,
  `order_id` bigint(20) UNSIGNED NOT NULL,
  `product_id` bigint(20) UNSIGNED NOT NULL,
  `quantity` int(11) NOT NULL,
  `price` double(8,2) NOT NULL,
  `discount` double(8,2) NOT NULL,
  `total` double(8,2) NOT NULL,
  `created_at` timestamp NULL DEFAULT NULL,
  `updated_at` timestamp NULL DEFAULT NULL
) ENGINE=InnoDB DEFAULT CHARSET=utf8mb4 COLLATE=utf8mb4_unicode_ci;

--
-- Dumping data for table `order_details`
--

INSERT INTO `order_details` (`id`, `order_id`, `product_id`, `quantity`, `price`, `discount`, `total`, `created_at`, `updated_at`) VALUES
(26, 23, 1, 1, 66.50, 0.00, 66.50, '2022-11-25 11:43:21', '2022-11-25 11:43:21'),
(27, 23, 2, 1, 79.00, 0.00, 79.00, '2022-11-25 11:43:21', '2022-11-25 11:43:21'),
(28, 24, 2, 1, 79.00, 0.00, 79.00, '2022-11-25 11:46:18', '2022-11-25 11:46:18'),
(29, 24, 12, 1, 20.00, 0.00, 20.00, '2022-11-25 11:46:18', '2022-11-25 11:46:18'),
(30, 24, 11, 1, 23.00, 0.00, 23.00, '2022-11-25 11:46:18', '2022-11-25 11:46:18'),
(31, 24, 10, 1, 51.00, 0.00, 51.00, '2022-11-25 11:46:18', '2022-11-25 11:46:18'),
(32, 25, 1, 1, 66.50, 5.00, 66.50, '2022-11-25 11:46:21', '2022-11-25 11:46:21'),
(33, 25, 2, 1, 79.00, 0.00, 79.00, '2022-11-25 11:46:21', '2022-11-25 11:46:21');

-- --------------------------------------------------------

--
-- Table structure for table `password_resets`
--

CREATE TABLE `password_resets` (
  `email` varchar(255) COLLATE utf8mb4_unicode_ci NOT NULL,
  `token` varchar(255) COLLATE utf8mb4_unicode_ci NOT NULL,
  `created_at` timestamp NULL DEFAULT NULL
) ENGINE=InnoDB DEFAULT CHARSET=utf8mb4 COLLATE=utf8mb4_unicode_ci;

-- --------------------------------------------------------

--
-- Table structure for table `personal_access_tokens`
--

CREATE TABLE `personal_access_tokens` (
  `id` bigint(20) UNSIGNED NOT NULL,
  `tokenable_type` varchar(255) COLLATE utf8mb4_unicode_ci NOT NULL,
  `tokenable_id` bigint(20) UNSIGNED NOT NULL,
  `name` varchar(255) COLLATE utf8mb4_unicode_ci NOT NULL,
  `token` varchar(64) COLLATE utf8mb4_unicode_ci NOT NULL,
  `abilities` text COLLATE utf8mb4_unicode_ci DEFAULT NULL,
  `last_used_at` timestamp NULL DEFAULT NULL,
  `created_at` timestamp NULL DEFAULT NULL,
  `updated_at` timestamp NULL DEFAULT NULL
) ENGINE=InnoDB DEFAULT CHARSET=utf8mb4 COLLATE=utf8mb4_unicode_ci;

-- --------------------------------------------------------

--
-- Table structure for table `products`
--

CREATE TABLE `products` (
  `id` bigint(20) UNSIGNED NOT NULL,
  `name` varchar(255) COLLATE utf8mb4_unicode_ci NOT NULL,
  `image` varchar(255) COLLATE utf8mb4_unicode_ci DEFAULT NULL,
  `price` double(8,2) DEFAULT NULL,
  `discount` double(8,2) DEFAULT NULL,
  `created_at` timestamp NULL DEFAULT NULL,
  `updated_at` timestamp NULL DEFAULT NULL
) ENGINE=InnoDB DEFAULT CHARSET=utf8mb4 COLLATE=utf8mb4_unicode_ci;

--
-- Dumping data for table `products`
--

INSERT INTO `products` (`id`, `name`, `image`, `price`, `discount`, `created_at`, `updated_at`) VALUES
(1, 'HDjyNmxDrJaesZZ', NULL, 66.50, 5.00, '2022-11-25 02:31:54', '2022-11-25 02:31:54'),
(2, 'eDRLrX7ILTzFItZ', NULL, 79.00, 0.00, '2022-11-25 02:31:54', '2022-11-25 02:31:54'),
(3, '6tojgGdHNqI8T3H', NULL, 48.00, 0.00, '2022-11-25 02:31:54', '2022-11-25 02:31:54'),
(4, 'HoggajzoUe51Jne', NULL, 83.00, 0.00, '2022-11-25 02:31:54', '2022-11-25 02:31:54'),
(5, 'Uyr1dfyajjKb4Ek', NULL, 49.00, 0.00, '2022-11-25 02:31:55', '2022-11-25 02:31:55'),
(6, 'x5SeopduugHbPtE', NULL, 93.00, 0.00, '2022-11-25 02:31:55', '2022-11-25 02:31:55'),
(7, 'v0C03f9nqbtasvZ', NULL, 38.00, 0.00, '2022-11-25 02:31:55', '2022-11-25 02:31:55'),
(8, 'FkHW68OeFoZX1uS', NULL, 84.00, 0.00, '2022-11-25 02:31:55', '2022-11-25 02:31:55'),
(9, 'x1PfhlHHULSuw7t', NULL, 11.00, 0.00, '2022-11-25 02:31:55', '2022-11-25 02:31:55'),
(10, 'cJSs2nQG5eROLB4', NULL, 51.00, 0.00, '2022-11-25 02:31:55', '2022-11-25 02:31:55'),
(11, 'ETPwxxv1pXXIKHJ', NULL, 23.00, 0.00, '2022-11-25 02:31:55', '2022-11-25 02:31:55'),
(12, 'YQqQhQ2GiOtrLZJ', NULL, 20.00, 0.00, '2022-11-25 02:31:55', '2022-11-25 02:31:55'),
(13, '7xCav8tWkBoiLvD', NULL, 73.00, 0.00, '2022-11-25 02:31:55', '2022-11-25 02:31:55'),
(14, 'h4A5O31E9H9WvY2', NULL, 42.00, 0.00, '2022-11-25 02:31:55', '2022-11-25 02:31:55'),
(15, 'uqXyNEtN5t0048n', NULL, 75.00, 0.00, '2022-11-25 02:31:55', '2022-11-25 02:31:55'),
(16, 'cmdOE0nLjfQ1mHY', NULL, 60.00, 0.00, '2022-11-25 02:31:55', '2022-11-25 02:31:55'),
(17, '3cVmLDOOLEdfHNd', NULL, 60.00, 0.00, '2022-11-25 02:31:55', '2022-11-25 02:31:55'),
(18, 'sjHPfQzPIm2f1Tt', NULL, 28.00, 0.00, '2022-11-25 02:31:55', '2022-11-25 02:31:55'),
(19, 'C2lVgRhVxskVV5i', NULL, 41.00, 0.00, '2022-11-25 02:31:55', '2022-11-25 02:31:55'),
(20, 'p7W6X1XYGJfXotV', NULL, 72.00, 0.00, '2022-11-25 02:31:55', '2022-11-25 02:31:55'),
(21, 'z12yJs1SjZuCYqS', NULL, 33.00, 0.00, '2022-11-25 02:31:55', '2022-11-25 02:31:55'),
(22, 'HQqA6KG4C4qNoYa', NULL, 74.00, 0.00, '2022-11-25 02:31:55', '2022-11-25 02:31:55'),
(23, 'bHsBBIWBodceeu2', NULL, 45.00, 0.00, '2022-11-25 02:31:55', '2022-11-25 02:31:55'),
(24, 'IQeh4RSRXEuHRko', NULL, 16.00, 0.00, '2022-11-25 02:31:55', '2022-11-25 02:31:55'),
(25, 'IXvUYArmgfAm0kZ', NULL, 65.00, 0.00, '2022-11-25 02:31:55', '2022-11-25 02:31:55'),
(26, 'b0hstQiUFRSaJSi', NULL, 42.00, 0.00, '2022-11-25 02:31:55', '2022-11-25 02:31:55'),
(27, '2cVyJVLM2EbcH7Q', NULL, 53.00, 0.00, '2022-11-25 02:31:55', '2022-11-25 02:31:55'),
(28, 'XyJIf4vG4mk5eME', NULL, 86.00, 0.00, '2022-11-25 02:31:55', '2022-11-25 02:31:55'),
(29, 'zomlI2CO5FMxP8T', NULL, 82.00, 0.00, '2022-11-25 02:31:55', '2022-11-25 02:31:55'),
(30, 'joQEozzE0Xw5Wyu', NULL, 94.00, 0.00, '2022-11-25 02:31:55', '2022-11-25 02:31:55'),
(31, 'HeVA00AuyEpMbXc', NULL, 18.00, 0.00, '2022-11-25 02:31:55', '2022-11-25 02:31:55'),
(32, 'uTz73lAtkHHEoLG', NULL, 37.00, 0.00, '2022-11-25 02:31:55', '2022-11-25 02:31:55'),
(33, '13rWZoHvnw0GA4j', NULL, 57.00, 0.00, '2022-11-25 02:31:55', '2022-11-25 02:31:55'),
(34, 'XzIaiSl0yIMNvqe', NULL, 27.00, 0.00, '2022-11-25 02:31:55', '2022-11-25 02:31:55'),
(35, 'LgOj5S9bOvnxiUx', NULL, 53.00, 0.00, '2022-11-25 02:31:55', '2022-11-25 02:31:55'),
(36, 'n0z1tgutki52NTe', NULL, 27.00, 0.00, '2022-11-25 02:31:55', '2022-11-25 02:31:55'),
(37, 'lkwYggD2uFmITld', NULL, 44.00, 0.00, '2022-11-25 02:31:55', '2022-11-25 02:31:55'),
(38, 'gbHlA9Iasnk2Hqj', NULL, 37.00, 0.00, '2022-11-25 02:31:55', '2022-11-25 02:31:55'),
(39, '6ykSe2vBBXJk9Q5', NULL, 23.00, 0.00, '2022-11-25 02:31:55', '2022-11-25 02:31:55'),
(40, 'P5fUVexfNLDuPCy', NULL, 34.00, 0.00, '2022-11-25 02:31:55', '2022-11-25 02:31:55'),
(41, 'W8R9fyYMVE9R25B', NULL, 79.00, 0.00, '2022-11-25 02:31:56', '2022-11-25 02:31:56'),
(42, 'jcDHYTCj9VdCM8z', NULL, 43.00, 0.00, '2022-11-25 02:31:56', '2022-11-25 02:31:56'),
(43, 'SLpTy0FkVid6nYU', NULL, 69.00, 0.00, '2022-11-25 02:31:56', '2022-11-25 02:31:56'),
(44, 'e1WLZeKpKCdX2ly', NULL, 49.00, 0.00, '2022-11-25 02:31:56', '2022-11-25 02:31:56'),
(45, 'ULCn2JgBzFgpM4U', NULL, 45.00, 0.00, '2022-11-25 02:31:56', '2022-11-25 02:31:56'),
(46, 'y0LipPazfh5OMBY', NULL, 84.00, 0.00, '2022-11-25 02:31:56', '2022-11-25 02:31:56'),
(47, 'BOWoizTcNzyDmBj', NULL, 20.00, 0.00, '2022-11-25 02:31:56', '2022-11-25 02:31:56'),
(48, 'qZSEMOPQcTIo4UQ', NULL, 78.00, 0.00, '2022-11-25 02:31:56', '2022-11-25 02:31:56'),
(49, 'iYexIvqn4b2gdfG', NULL, 53.00, 0.00, '2022-11-25 02:31:56', '2022-11-25 02:31:56'),
(50, 'KD7r9FMvmQ7OKmV', NULL, 91.00, 0.00, '2022-11-25 02:31:56', '2022-11-25 02:31:56'),
(51, 'NmcYM2dVg9tEw6u', NULL, 25.00, 0.00, '2022-11-25 02:31:56', '2022-11-25 02:31:56'),
(52, 'n3pSlIeN67tlha7', NULL, 25.00, 0.00, '2022-11-25 02:31:56', '2022-11-25 02:31:56'),
(53, 'FTE7q735LDGMLu5', NULL, 54.00, 0.00, '2022-11-25 02:31:56', '2022-11-25 02:31:56'),
(54, '0ECMOxG4j3J0Xqk', NULL, 23.00, 0.00, '2022-11-25 02:31:56', '2022-11-25 02:31:56'),
(55, 'X6ejuntLwZgif8O', NULL, 67.00, 0.00, '2022-11-25 02:31:56', '2022-11-25 02:31:56'),
(56, 'zCgyU7KM6uQY1Jp', NULL, 11.00, 0.00, '2022-11-25 02:31:56', '2022-11-25 02:31:56'),
(57, 'I7uA45rZ5KgxDcY', NULL, 73.00, 0.00, '2022-11-25 02:31:56', '2022-11-25 02:31:56'),
(58, 'RdcT2blwyLV1Gdc', NULL, 33.00, 0.00, '2022-11-25 02:31:56', '2022-11-25 02:31:56'),
(59, 'uRaU3lEUsUNG86j', NULL, 21.00, 0.00, '2022-11-25 02:31:56', '2022-11-25 02:31:56'),
(60, 'GMfKOW4t1cgxrY0', NULL, 53.00, 0.00, '2022-11-25 02:31:56', '2022-11-25 02:31:56'),
(61, 'nVAoOcTfl1f9QCD', NULL, 94.00, 0.00, '2022-11-25 02:31:56', '2022-11-25 02:31:56'),
(62, 'MoTFnOPxDAxiBbT', NULL, 98.00, 0.00, '2022-11-25 02:31:56', '2022-11-25 02:31:56'),
(63, 'k3ur3hQqtlOKSLl', NULL, 98.00, 0.00, '2022-11-25 02:31:56', '2022-11-25 02:31:56'),
(64, 'lbBNIMMnEj9WTSo', NULL, 83.00, 0.00, '2022-11-25 02:31:56', '2022-11-25 02:31:56'),
(65, 'vAn8SqH2gc9f7Pj', NULL, 71.00, 0.00, '2022-11-25 02:31:56', '2022-11-25 02:31:56'),
(66, 'IfiFXbR8EsWjQ7l', NULL, 67.00, 0.00, '2022-11-25 02:31:56', '2022-11-25 02:31:56'),
(67, 'aEuRtI8VDOa3PIU', NULL, 84.00, 0.00, '2022-11-25 02:31:56', '2022-11-25 02:31:56'),
(68, 'EekFmdRrZnDGk5k', NULL, 15.00, 0.00, '2022-11-25 02:31:56', '2022-11-25 02:31:56'),
(69, 'JVYdPdPApxyQKVp', NULL, 88.00, 0.00, '2022-11-25 02:31:56', '2022-11-25 02:31:56'),
(70, 'nd7QmuFzIwnhWem', NULL, 44.00, 0.00, '2022-11-25 02:31:56', '2022-11-25 02:31:56'),
(71, 'jfHUNNUGIW02ZF3', NULL, 73.00, 0.00, '2022-11-25 02:31:56', '2022-11-25 02:31:56'),
(72, 'fctnnAsV20aYZvh', NULL, 98.00, 0.00, '2022-11-25 02:31:56', '2022-11-25 02:31:56'),
(73, 'hRgeBYwpx4ScFhe', NULL, 55.00, 0.00, '2022-11-25 02:31:56', '2022-11-25 02:31:56'),
(74, 'zYDsiuz8nMANIG6', NULL, 38.00, 0.00, '2022-11-25 02:31:56', '2022-11-25 02:31:56'),
(75, 'nYuhINQvcS8vV7r', NULL, 36.00, 0.00, '2022-11-25 02:31:56', '2022-11-25 02:31:56'),
(76, 'kGwMtgtvcXh1lMq', NULL, 55.00, 0.00, '2022-11-25 02:31:56', '2022-11-25 02:31:56'),
(77, 'pjx53BwYdsBX7rv', NULL, 29.00, 0.00, '2022-11-25 02:31:56', '2022-11-25 02:31:56'),
(78, 'tOP1308U5D9nQJw', NULL, 24.00, 0.00, '2022-11-25 02:31:56', '2022-11-25 02:31:56'),
(79, 'JSjapgfS9iuXJyV', NULL, 17.00, 0.00, '2022-11-25 02:31:57', '2022-11-25 02:31:57'),
(80, 'vHfHZp4Ppa0zG3L', NULL, 98.00, 0.00, '2022-11-25 02:31:57', '2022-11-25 02:31:57'),
(81, 'S55wyF5HmiUTJY0', NULL, 24.00, 0.00, '2022-11-25 02:31:57', '2022-11-25 02:31:57'),
(82, '0VXfGrW2QmUrejg', NULL, 61.00, 0.00, '2022-11-25 02:31:57', '2022-11-25 02:31:57'),
(83, 'l2QlL3FxquoybFI', NULL, 10.00, 0.00, '2022-11-25 02:31:57', '2022-11-25 02:31:57'),
(84, 'vhAqcu6BIxNlutt', NULL, 50.00, 0.00, '2022-11-25 02:31:57', '2022-11-25 02:31:57'),
(85, 'D6Rlus4U3DLtJHE', NULL, 59.00, 0.00, '2022-11-25 02:31:57', '2022-11-25 02:31:57'),
(86, 'uliitsKC6y8Exs7', NULL, 61.00, 0.00, '2022-11-25 02:31:57', '2022-11-25 02:31:57'),
(87, 'hqRg92SlVkR6EB6', NULL, 76.00, 0.00, '2022-11-25 02:31:57', '2022-11-25 02:31:57'),
(88, 'zgZAiaaV1BiGyAn', NULL, 96.00, 0.00, '2022-11-25 02:31:57', '2022-11-25 02:31:57'),
(89, 'bIoAo9crmsGAuj4', NULL, 28.00, 0.00, '2022-11-25 02:31:57', '2022-11-25 02:31:57'),
(90, 'fe4TVpLDBWuDnSN', NULL, 76.00, 0.00, '2022-11-25 02:31:57', '2022-11-25 02:31:57'),
(91, '2qyYToANyBu2ucR', NULL, 12.00, 0.00, '2022-11-25 02:31:57', '2022-11-25 02:31:57'),
(92, 'jNDQeTGpvZDiwGi', NULL, 88.00, 0.00, '2022-11-25 02:31:57', '2022-11-25 02:31:57'),
(93, 'v3Ft9zFKfg10oO0', NULL, 74.00, 0.00, '2022-11-25 02:31:57', '2022-11-25 02:31:57'),
(94, 'fLCAbM7JdBTtjIu', NULL, 14.00, 0.00, '2022-11-25 02:31:57', '2022-11-25 02:31:57'),
(95, 'EopYJ5nz38NsWMd', NULL, 78.00, 0.00, '2022-11-25 02:31:57', '2022-11-25 02:31:57'),
(96, 'nyghsBs2eUGJRDH', NULL, 85.00, 0.00, '2022-11-25 02:31:57', '2022-11-25 02:31:57'),
(97, 'uMba7nR5KozT6bd', NULL, 26.00, 0.00, '2022-11-25 02:31:57', '2022-11-25 02:31:57'),
(98, 'HvdhiKbN2BJstIE', NULL, 38.00, 0.00, '2022-11-25 02:31:57', '2022-11-25 02:31:57'),
(99, 'bIBNjLhzWu35aY7', NULL, 29.00, 0.00, '2022-11-25 02:31:57', '2022-11-25 02:31:57'),
(100, 'MNPfWgcx7DoYuwW', NULL, 31.00, 0.00, '2022-11-25 02:31:57', '2022-11-25 02:31:57'),
(101, 'xcKRdk7Iif7ud0R', NULL, 47.00, 0.00, '2022-11-25 02:33:14', '2022-11-25 02:33:14'),
(102, 'rPKXD3ble0BTRWn', NULL, 85.00, 0.00, '2022-11-25 02:33:14', '2022-11-25 02:33:14'),
(103, 'e5Yo7R7Lmbcs6Er', NULL, 56.00, 0.00, '2022-11-25 02:33:14', '2022-11-25 02:33:14'),
(104, 'AotBJdqQva0aEPd', NULL, 19.00, 0.00, '2022-11-25 02:33:14', '2022-11-25 02:33:14'),
(105, 'Z82wgp27dxd3UHh', NULL, 18.00, 0.00, '2022-11-25 02:33:14', '2022-11-25 02:33:14'),
(106, 'ePWzKOGlffqUsQk', NULL, 82.00, 0.00, '2022-11-25 02:33:14', '2022-11-25 02:33:14'),
(107, 'rXaIR2Ooz9yBbRI', NULL, 61.00, 0.00, '2022-11-25 02:33:14', '2022-11-25 02:33:14'),
(108, 'Knrnpeg2FsSLSoB', NULL, 22.00, 0.00, '2022-11-25 02:33:14', '2022-11-25 02:33:14'),
(109, 'FMqJZonJuliecfo', NULL, 43.00, 0.00, '2022-11-25 02:33:15', '2022-11-25 02:33:15'),
(110, 'FaOrbBXrCgsmRaX', NULL, 95.00, 0.00, '2022-11-25 02:33:15', '2022-11-25 02:33:15'),
(111, 'skbr6o02FoKBzSx', NULL, 95.00, 0.00, '2022-11-25 02:33:15', '2022-11-25 02:33:15'),
(112, 'aoyMGjgEJIh1HJy', NULL, 57.00, 0.00, '2022-11-25 02:33:15', '2022-11-25 02:33:15'),
(113, '2TTUr3HIBT3AhYa', NULL, 44.00, 0.00, '2022-11-25 02:33:15', '2022-11-25 02:33:15'),
(114, 'jeku6KPWsk9abGY', NULL, 92.00, 0.00, '2022-11-25 02:33:15', '2022-11-25 02:33:15'),
(115, 'e6ICFdoKgQVUkZ8', NULL, 46.00, 0.00, '2022-11-25 02:33:15', '2022-11-25 02:33:15'),
(116, 'PgdbfzHj2JzZE85', NULL, 84.00, 0.00, '2022-11-25 02:33:15', '2022-11-25 02:33:15'),
(117, 'HqYgfpEL3vWclWy', NULL, 45.00, 0.00, '2022-11-25 02:33:15', '2022-11-25 02:33:15'),
(118, 'OcnVk2KhoPMdoYN', NULL, 42.00, 0.00, '2022-11-25 02:33:15', '2022-11-25 02:33:15'),
(119, 'L7LxvDpLLrHrjDs', NULL, 79.00, 0.00, '2022-11-25 02:33:15', '2022-11-25 02:33:15'),
(120, '79XTSDLUOaTa4WK', NULL, 100.00, 0.00, '2022-11-25 02:33:15', '2022-11-25 02:33:15'),
(121, 'wMDTd0qyoM0CnF1', NULL, 37.00, 0.00, '2022-11-25 02:33:15', '2022-11-25 02:33:15'),
(122, '0O4RbKu9YyGoSmo', NULL, 79.00, 0.00, '2022-11-25 02:33:15', '2022-11-25 02:33:15'),
(123, 'jSTJaULFUK8FAJl', NULL, 95.00, 0.00, '2022-11-25 02:33:15', '2022-11-25 02:33:15'),
(124, 'CSjbzIFA8hOzjjY', NULL, 84.00, 0.00, '2022-11-25 02:33:15', '2022-11-25 02:33:15'),
(125, 'Dh3UwUoUNAxR1TL', NULL, 13.00, 0.00, '2022-11-25 02:33:15', '2022-11-25 02:33:15'),
(126, 'NUM7yQQ73mhjnLk', NULL, 82.00, 0.00, '2022-11-25 02:33:15', '2022-11-25 02:33:15'),
(127, 'dvMM4M8iXELt2pu', NULL, 83.00, 0.00, '2022-11-25 02:33:15', '2022-11-25 02:33:15'),
(128, 'OgCDjM8K5sJn2QI', NULL, 96.00, 0.00, '2022-11-25 02:33:15', '2022-11-25 02:33:15'),
(129, 'apIdXadwbL4sOWC', NULL, 22.00, 0.00, '2022-11-25 02:33:15', '2022-11-25 02:33:15'),
(130, 'zYdXruwwWeFUQkA', NULL, 84.00, 0.00, '2022-11-25 02:33:15', '2022-11-25 02:33:15'),
(131, 'mjlWTebrHbmodZD', NULL, 66.00, 0.00, '2022-11-25 02:33:15', '2022-11-25 02:33:15'),
(132, 'Qow76tnQcpueiMu', NULL, 72.00, 0.00, '2022-11-25 02:33:15', '2022-11-25 02:33:15'),
(133, 'AOV8KSwnmZjHqIt', NULL, 45.00, 0.00, '2022-11-25 02:33:15', '2022-11-25 02:33:15'),
(134, 'uHkvAlglujAvGUn', NULL, 46.00, 0.00, '2022-11-25 02:33:15', '2022-11-25 02:33:15'),
(135, 'SysdXp7S3a9Vvsv', NULL, 82.00, 0.00, '2022-11-25 02:33:15', '2022-11-25 02:33:15'),
(136, 'n6OHi39FD55r7YR', NULL, 44.00, 0.00, '2022-11-25 02:33:15', '2022-11-25 02:33:15'),
(137, 'h3J2MblXyonwQu6', NULL, 73.00, 0.00, '2022-11-25 02:33:15', '2022-11-25 02:33:15'),
(138, '1X8D3R8Ac1TXEIj', NULL, 78.00, 0.00, '2022-11-25 02:33:15', '2022-11-25 02:33:15'),
(139, 'AxFk3ZSvMUpQ61G', NULL, 68.00, 0.00, '2022-11-25 02:33:16', '2022-11-25 02:33:16'),
(140, 'KSk4jRpghi2blS6', NULL, 75.00, 0.00, '2022-11-25 02:33:16', '2022-11-25 02:33:16'),
(141, 'f30jw6tcVMRAeP3', NULL, 98.00, 0.00, '2022-11-25 02:33:16', '2022-11-25 02:33:16'),
(142, 'vwXO2blgmGwMynB', NULL, 14.00, 0.00, '2022-11-25 02:33:16', '2022-11-25 02:33:16'),
(143, 'IBJLaQCe6qJzA6p', NULL, 23.00, 0.00, '2022-11-25 02:33:16', '2022-11-25 02:33:16'),
(144, 'SyZTSGBGbfU6fd3', NULL, 42.00, 0.00, '2022-11-25 02:33:16', '2022-11-25 02:33:16'),
(145, 'Au9MF0BkbLiX0Uk', NULL, 21.00, 0.00, '2022-11-25 02:33:16', '2022-11-25 02:33:16'),
(146, 'r264MmXXXcIUdUb', NULL, 73.00, 0.00, '2022-11-25 02:33:16', '2022-11-25 02:33:16'),
(147, 'JOsVqGX1qA99Vtp', NULL, 32.00, 0.00, '2022-11-25 02:33:16', '2022-11-25 02:33:16'),
(148, 'qGWVRhq1HJp0Rq5', NULL, 55.00, 0.00, '2022-11-25 02:33:16', '2022-11-25 02:33:16'),
(149, '5jgGa8TgxR9x2oy', NULL, 90.00, 0.00, '2022-11-25 02:33:16', '2022-11-25 02:33:16'),
(150, 'y91xz3nEEhBHxqp', NULL, 51.00, 0.00, '2022-11-25 02:33:16', '2022-11-25 02:33:16'),
(151, '2FBB7Feoa5L2lFi', NULL, 61.00, 0.00, '2022-11-25 02:33:16', '2022-11-25 02:33:16'),
(152, 'SghwCQ8skylhl2g', NULL, 86.00, 0.00, '2022-11-25 02:33:16', '2022-11-25 02:33:16'),
(153, 'AqTqD1V8hMQ6smz', NULL, 19.00, 0.00, '2022-11-25 02:33:16', '2022-11-25 02:33:16'),
(154, 'ifcUTJ9o8HHBmAU', NULL, 58.00, 0.00, '2022-11-25 02:33:16', '2022-11-25 02:33:16'),
(155, 'R5vwouKy57Obf2g', NULL, 69.00, 0.00, '2022-11-25 02:33:16', '2022-11-25 02:33:16'),
(156, 'olieldijbHRcq4w', NULL, 40.00, 0.00, '2022-11-25 02:33:16', '2022-11-25 02:33:16'),
(157, 'iNCckxZ30W03oGv', NULL, 67.00, 0.00, '2022-11-25 02:33:16', '2022-11-25 02:33:16'),
(158, 'HppOMf4y2bpA0BJ', NULL, 59.00, 0.00, '2022-11-25 02:33:16', '2022-11-25 02:33:16'),
(159, '0xobDS6ihSgKcUL', NULL, 58.00, 0.00, '2022-11-25 02:33:16', '2022-11-25 02:33:16'),
(160, 'IlLKmQ54sZrpQrQ', NULL, 57.00, 0.00, '2022-11-25 02:33:16', '2022-11-25 02:33:16'),
(161, 'xBVks5dzn9FGBJA', NULL, 74.00, 0.00, '2022-11-25 02:33:16', '2022-11-25 02:33:16'),
(162, 'z6iXXc567D35iV6', NULL, 23.00, 0.00, '2022-11-25 02:33:16', '2022-11-25 02:33:16'),
(163, 'svhZDeUVRc4ZQPv', NULL, 72.00, 0.00, '2022-11-25 02:33:17', '2022-11-25 02:33:17'),
(164, 'YRHhA93lRsWxhLK', NULL, 100.00, 0.00, '2022-11-25 02:33:17', '2022-11-25 02:33:17'),
(165, 'xmlezpHmyCHrGhe', NULL, 96.00, 0.00, '2022-11-25 02:33:17', '2022-11-25 02:33:17'),
(166, 'ljAcS7veo7aYvRN', NULL, 48.00, 0.00, '2022-11-25 02:33:17', '2022-11-25 02:33:17'),
(167, 'ElnSN1aEuVSkxVx', NULL, 20.00, 0.00, '2022-11-25 02:33:17', '2022-11-25 02:33:17'),
(168, 'lj2Z2fjKMuHLMaG', NULL, 42.00, 0.00, '2022-11-25 02:33:17', '2022-11-25 02:33:17'),
(169, '2WVKpsW6h7zfVD1', NULL, 52.00, 0.00, '2022-11-25 02:33:17', '2022-11-25 02:33:17'),
(170, 'FpCWRjarS8qJ4uB', NULL, 10.00, 0.00, '2022-11-25 02:33:17', '2022-11-25 02:33:17'),
(171, 'A4Lw1QsH3Lq2G8A', NULL, 86.00, 0.00, '2022-11-25 02:33:17', '2022-11-25 02:33:17'),
(172, 'mi0bYpU6yb5OdoW', NULL, 98.00, 0.00, '2022-11-25 02:33:17', '2022-11-25 02:33:17'),
(173, 'ZOy7ELt40tplZkX', NULL, 99.00, 0.00, '2022-11-25 02:33:17', '2022-11-25 02:33:17'),
(174, '3FbMxh2KSEQPnNv', NULL, 21.00, 0.00, '2022-11-25 02:33:17', '2022-11-25 02:33:17'),
(175, 'h7P3W4JgCmP6wXc', NULL, 29.00, 0.00, '2022-11-25 02:33:17', '2022-11-25 02:33:17'),
(176, 'YLWXTljoOPjiMqJ', NULL, 53.00, 0.00, '2022-11-25 02:33:17', '2022-11-25 02:33:17'),
(177, 'PUhxnNDYYTrjrnZ', NULL, 99.00, 0.00, '2022-11-25 02:33:17', '2022-11-25 02:33:17'),
(178, 'oLd16IIsBRclZM2', NULL, 29.00, 0.00, '2022-11-25 02:33:17', '2022-11-25 02:33:17'),
(179, 'HBsWQPHLx0LP8C5', NULL, 61.00, 0.00, '2022-11-25 02:33:17', '2022-11-25 02:33:17'),
(180, 'N0D9UyqpfFP6PlD', NULL, 47.00, 0.00, '2022-11-25 02:33:17', '2022-11-25 02:33:17'),
(181, 'JuonIOHaXRUoh8l', NULL, 83.00, 0.00, '2022-11-25 02:33:17', '2022-11-25 02:33:17'),
(182, 'qVvW5USZL07g92E', NULL, 100.00, 0.00, '2022-11-25 02:33:17', '2022-11-25 02:33:17'),
(183, 'YsjnfmSvMlmjOfG', NULL, 17.00, 0.00, '2022-11-25 02:33:17', '2022-11-25 02:33:17'),
(184, 'QhQD0crPwSGzqeb', NULL, 29.00, 0.00, '2022-11-25 02:33:17', '2022-11-25 02:33:17'),
(185, 'VY1gIFtqKkJpqC3', NULL, 61.00, 0.00, '2022-11-25 02:33:17', '2022-11-25 02:33:17'),
(186, 'b42eO9srzVPv2y8', NULL, 93.00, 0.00, '2022-11-25 02:33:17', '2022-11-25 02:33:17'),
(187, 'N20fW4rOqD39z2i', NULL, 67.00, 0.00, '2022-11-25 02:33:17', '2022-11-25 02:33:17'),
(188, 'fqtp67AiRDV2PFv', NULL, 89.00, 0.00, '2022-11-25 02:33:17', '2022-11-25 02:33:17'),
(189, 'dd2eaEHS1D9TNID', NULL, 90.00, 0.00, '2022-11-25 02:33:17', '2022-11-25 02:33:17'),
(190, 'F8iQ0TRDt6lSryw', NULL, 54.00, 0.00, '2022-11-25 02:33:18', '2022-11-25 02:33:18'),
(191, 'vIHOz6WM6jw3qSN', NULL, 97.00, 0.00, '2022-11-25 02:33:18', '2022-11-25 02:33:18'),
(192, 'sTqgE6KTxGkmJTE', NULL, 18.00, 0.00, '2022-11-25 02:33:18', '2022-11-25 02:33:18'),
(193, '85NMoqdk5NTUPxl', NULL, 94.00, 0.00, '2022-11-25 02:33:18', '2022-11-25 02:33:18'),
(194, 'oRdJH7VYLKpe26q', NULL, 55.00, 0.00, '2022-11-25 02:33:18', '2022-11-25 02:33:18'),
(195, 'qPZJkegNUzzvCTS', NULL, 45.00, 0.00, '2022-11-25 02:33:18', '2022-11-25 02:33:18'),
(196, '7VwxMU7VLV6Zz9w', NULL, 81.00, 0.00, '2022-11-25 02:33:18', '2022-11-25 02:33:18'),
(197, '55CYT9P2wUxbuyd', NULL, 91.00, 0.00, '2022-11-25 02:33:18', '2022-11-25 02:33:18'),
(198, '53a5OQrxR6o4r0m', NULL, 79.00, 0.00, '2022-11-25 02:33:18', '2022-11-25 02:33:18'),
(199, '6Gl7tNLdeOe9nhs', NULL, 95.00, 0.00, '2022-11-25 02:33:18', '2022-11-25 02:33:18'),
(200, 'jsKg24Dj83gtSmM', NULL, 71.00, 10.00, '2022-11-25 02:00:17', '2022-11-25 02:00:17');

-- --------------------------------------------------------

--
-- Table structure for table `product_stocks`
--

CREATE TABLE `product_stocks` (
  `id` bigint(20) UNSIGNED NOT NULL,
  `product_id` bigint(20) UNSIGNED NOT NULL,
  `quantity` int(11) NOT NULL DEFAULT 0,
  `created_at` timestamp NULL DEFAULT NULL,
  `updated_at` timestamp NULL DEFAULT NULL
) ENGINE=InnoDB DEFAULT CHARSET=utf8mb4 COLLATE=utf8mb4_unicode_ci;

--
-- Dumping data for table `product_stocks`
--

INSERT INTO `product_stocks` (`id`, `product_id`, `quantity`, `created_at`, `updated_at`) VALUES
(1, 1, 9, '2022-11-25 02:31:54', '2022-11-25 11:46:21'),
(2, 2, 8, '2022-11-25 02:31:54', '2022-11-25 11:46:21'),
(3, 3, 0, '2022-11-25 02:31:54', '2022-11-25 11:19:46'),
(4, 4, 0, '2022-11-25 02:31:54', '2022-11-25 11:34:58'),
(5, 5, 0, '2022-11-25 02:31:55', '2022-11-25 11:34:58'),
(6, 6, 13, '2022-11-25 02:31:55', '2022-11-25 11:04:02'),
(7, 7, 16, '2022-11-25 02:31:55', '2022-11-25 11:38:54'),
(8, 8, 19, '2022-11-25 02:31:55', '2022-11-25 11:38:54'),
(9, 9, 13, '2022-11-25 02:31:55', '2022-11-25 11:09:05'),
(10, 10, 15, '2022-11-25 02:31:55', '2022-11-25 11:46:18'),
(11, 11, 17, '2022-11-25 02:31:55', '2022-11-25 11:46:18'),
(12, 12, 11, '2022-11-25 02:31:55', '2022-11-25 11:46:18'),
(13, 13, 20, '2022-11-25 02:31:55', '2022-11-25 02:31:55'),
(14, 14, 20, '2022-11-25 02:31:55', '2022-11-25 02:31:55'),
(15, 15, 10, '2022-11-25 02:31:55', '2022-11-25 02:31:55'),
(16, 16, 14, '2022-11-25 02:31:55', '2022-11-25 02:31:55'),
(17, 17, 14, '2022-11-25 02:31:55', '2022-11-25 02:31:55'),
(18, 18, 10, '2022-11-25 02:31:55', '2022-11-25 02:31:55'),
(19, 19, 16, '2022-11-25 02:31:55', '2022-11-25 02:31:55'),
(20, 20, 10, '2022-11-25 02:31:55', '2022-11-25 02:31:55'),
(21, 21, 20, '2022-11-25 02:31:55', '2022-11-25 02:31:55'),
(22, 22, 17, '2022-11-25 02:31:55', '2022-11-25 02:31:55'),
(23, 23, 19, '2022-11-25 02:31:55', '2022-11-25 02:31:55'),
(24, 24, 12, '2022-11-25 02:31:55', '2022-11-25 02:31:55'),
(25, 25, 14, '2022-11-25 02:31:55', '2022-11-25 02:31:55'),
(26, 26, 16, '2022-11-25 02:31:55', '2022-11-25 02:31:55'),
(27, 27, 20, '2022-11-25 02:31:55', '2022-11-25 02:31:55'),
(28, 28, 11, '2022-11-25 02:31:55', '2022-11-25 02:31:55'),
(29, 29, 14, '2022-11-25 02:31:55', '2022-11-25 02:31:55'),
(30, 30, 15, '2022-11-25 02:31:55', '2022-11-25 02:31:55'),
(31, 31, 11, '2022-11-25 02:31:55', '2022-11-25 02:31:55'),
(32, 32, 18, '2022-11-25 02:31:55', '2022-11-25 02:31:55'),
(33, 33, 13, '2022-11-25 02:31:55', '2022-11-25 02:31:55'),
(34, 34, 18, '2022-11-25 02:31:55', '2022-11-25 02:31:55'),
(35, 35, 19, '2022-11-25 02:31:55', '2022-11-25 02:31:55'),
(36, 36, 17, '2022-11-25 02:31:55', '2022-11-25 02:31:55'),
(37, 37, 17, '2022-11-25 02:31:55', '2022-11-25 02:31:55'),
(38, 38, 20, '2022-11-25 02:31:55', '2022-11-25 02:31:55'),
(39, 39, 10, '2022-11-25 02:31:55', '2022-11-25 02:31:55'),
(40, 40, 16, '2022-11-25 02:31:55', '2022-11-25 02:31:55'),
(41, 41, 13, '2022-11-25 02:31:56', '2022-11-25 02:31:56'),
(42, 42, 12, '2022-11-25 02:31:56', '2022-11-25 02:31:56'),
(43, 43, 12, '2022-11-25 02:31:56', '2022-11-25 02:31:56'),
(44, 44, 13, '2022-11-25 02:31:56', '2022-11-25 02:31:56'),
(45, 45, 14, '2022-11-25 02:31:56', '2022-11-25 02:31:56'),
(46, 46, 15, '2022-11-25 02:31:56', '2022-11-25 02:31:56'),
(47, 47, 12, '2022-11-25 02:31:56', '2022-11-25 02:31:56'),
(48, 48, 16, '2022-11-25 02:31:56', '2022-11-25 02:31:56'),
(49, 49, 10, '2022-11-25 02:31:56', '2022-11-25 02:31:56'),
(50, 50, 18, '2022-11-25 02:31:56', '2022-11-25 02:31:56'),
(51, 51, 10, '2022-11-25 02:31:56', '2022-11-25 02:31:56'),
(52, 52, 13, '2022-11-25 02:31:56', '2022-11-25 02:31:56'),
(53, 53, 13, '2022-11-25 02:31:56', '2022-11-25 02:31:56'),
(54, 54, 10, '2022-11-25 02:31:56', '2022-11-25 02:31:56'),
(55, 55, 9, '2022-11-25 02:31:56', '2022-11-25 11:04:02'),
(56, 56, 9, '2022-11-25 02:31:56', '2022-11-25 11:04:02'),
(57, 57, 11, '2022-11-25 02:31:56', '2022-11-25 02:31:56'),
(58, 58, 18, '2022-11-25 02:31:56', '2022-11-25 02:31:56'),
(59, 59, 16, '2022-11-25 02:31:56', '2022-11-25 02:31:56'),
(60, 60, 12, '2022-11-25 02:31:56', '2022-11-25 02:31:56'),
(61, 61, 20, '2022-11-25 02:31:56', '2022-11-25 02:31:56'),
(62, 62, 16, '2022-11-25 02:31:56', '2022-11-25 02:31:56'),
(63, 63, 11, '2022-11-25 02:31:56', '2022-11-25 02:31:56'),
(64, 64, 10, '2022-11-25 02:31:56', '2022-11-25 02:31:56'),
(65, 65, 12, '2022-11-25 02:31:56', '2022-11-25 02:31:56'),
(66, 66, 20, '2022-11-25 02:31:56', '2022-11-25 02:31:56'),
(67, 67, 10, '2022-11-25 02:31:56', '2022-11-25 02:31:56'),
(68, 68, 11, '2022-11-25 02:31:56', '2022-11-25 02:31:56'),
(69, 69, 17, '2022-11-25 02:31:56', '2022-11-25 02:31:56'),
(70, 70, 14, '2022-11-25 02:31:56', '2022-11-25 02:31:56'),
(71, 71, 16, '2022-11-25 02:31:56', '2022-11-25 02:31:56'),
(72, 72, 19, '2022-11-25 02:31:56', '2022-11-25 02:31:56'),
(73, 73, 17, '2022-11-25 02:31:56', '2022-11-25 02:31:56'),
(74, 74, 18, '2022-11-25 02:31:56', '2022-11-25 02:31:56'),
(75, 75, 17, '2022-11-25 02:31:56', '2022-11-25 02:31:56'),
(76, 76, 11, '2022-11-25 02:31:56', '2022-11-25 02:31:56'),
(77, 77, 16, '2022-11-25 02:31:56', '2022-11-25 02:31:56'),
(78, 78, 20, '2022-11-25 02:31:56', '2022-11-25 02:31:56'),
(79, 79, 20, '2022-11-25 02:31:57', '2022-11-25 02:31:57'),
(80, 80, 18, '2022-11-25 02:31:57', '2022-11-25 02:31:57'),
(81, 81, 13, '2022-11-25 02:31:57', '2022-11-25 02:31:57'),
(82, 82, 14, '2022-11-25 02:31:57', '2022-11-25 02:31:57'),
(83, 83, 10, '2022-11-25 02:31:57', '2022-11-25 02:31:57'),
(84, 84, 12, '2022-11-25 02:31:57', '2022-11-25 02:31:57'),
(85, 85, 14, '2022-11-25 02:31:57', '2022-11-25 02:31:57'),
(86, 86, 16, '2022-11-25 02:31:57', '2022-11-25 02:31:57'),
(87, 87, 12, '2022-11-25 02:31:57', '2022-11-25 02:31:57'),
(88, 88, 17, '2022-11-25 02:31:57', '2022-11-25 02:31:57'),
(89, 89, 10, '2022-11-25 02:31:57', '2022-11-25 02:31:57'),
(90, 90, 17, '2022-11-25 02:31:57', '2022-11-25 02:31:57'),
(91, 91, 15, '2022-11-25 02:31:57', '2022-11-25 02:31:57'),
(92, 92, 15, '2022-11-25 02:31:57', '2022-11-25 02:31:57'),
(93, 93, 20, '2022-11-25 02:31:57', '2022-11-25 02:31:57'),
(94, 94, 10, '2022-11-25 02:31:57', '2022-11-25 02:31:57'),
(95, 95, 11, '2022-11-25 02:31:57', '2022-11-25 02:31:57'),
(96, 96, 13, '2022-11-25 02:31:57', '2022-11-25 02:31:57'),
(97, 97, 15, '2022-11-25 02:31:57', '2022-11-25 02:31:57'),
(98, 98, 15, '2022-11-25 02:31:57', '2022-11-25 02:31:57'),
(99, 99, 19, '2022-11-25 02:31:57', '2022-11-25 02:31:57'),
(100, 100, 17, '2022-11-25 02:31:57', '2022-11-25 02:31:57'),
(101, 101, 11, '2022-11-25 02:33:14', '2022-11-25 02:33:14'),
(102, 102, 11, '2022-11-25 02:33:14', '2022-11-25 02:33:14'),
(103, 103, 13, '2022-11-25 02:33:14', '2022-11-25 02:33:14'),
(104, 104, 18, '2022-11-25 02:33:14', '2022-11-25 02:33:14'),
(105, 105, 17, '2022-11-25 02:33:14', '2022-11-25 02:33:14'),
(106, 106, 16, '2022-11-25 02:33:14', '2022-11-25 02:33:14'),
(107, 107, 17, '2022-11-25 02:33:14', '2022-11-25 02:33:14'),
(108, 108, 14, '2022-11-25 02:33:15', '2022-11-25 02:33:15'),
(109, 109, 20, '2022-11-25 02:33:15', '2022-11-25 02:33:15'),
(110, 110, 12, '2022-11-25 02:33:15', '2022-11-25 02:33:15'),
(111, 111, 13, '2022-11-25 02:33:15', '2022-11-25 02:33:15'),
(112, 112, 17, '2022-11-25 02:33:15', '2022-11-25 02:33:15'),
(113, 113, 13, '2022-11-25 02:33:15', '2022-11-25 02:33:15'),
(114, 114, 12, '2022-11-25 02:33:15', '2022-11-25 02:33:15'),
(115, 115, 11, '2022-11-25 02:33:15', '2022-11-25 02:33:15'),
(116, 116, 14, '2022-11-25 02:33:15', '2022-11-25 02:33:15'),
(117, 117, 11, '2022-11-25 02:33:15', '2022-11-25 02:33:15'),
(118, 118, 13, '2022-11-25 02:33:15', '2022-11-25 02:33:15'),
(119, 119, 15, '2022-11-25 02:33:15', '2022-11-25 02:33:15'),
(120, 120, 20, '2022-11-25 02:33:15', '2022-11-25 02:33:15'),
(121, 121, 11, '2022-11-25 02:33:15', '2022-11-25 02:33:15'),
(122, 122, 13, '2022-11-25 02:33:15', '2022-11-25 02:33:15'),
(123, 123, 19, '2022-11-25 02:33:15', '2022-11-25 02:33:15'),
(124, 124, 17, '2022-11-25 02:33:15', '2022-11-25 02:33:15'),
(125, 125, 19, '2022-11-25 02:33:15', '2022-11-25 02:33:15'),
(126, 126, 13, '2022-11-25 02:33:15', '2022-11-25 02:33:15'),
(127, 127, 18, '2022-11-25 02:33:15', '2022-11-25 02:33:15'),
(128, 128, 14, '2022-11-25 02:33:15', '2022-11-25 02:33:15'),
(129, 129, 20, '2022-11-25 02:33:15', '2022-11-25 02:33:15'),
(130, 130, 16, '2022-11-25 02:33:15', '2022-11-25 02:33:15'),
(131, 131, 15, '2022-11-25 02:33:15', '2022-11-25 02:33:15'),
(132, 132, 17, '2022-11-25 02:33:15', '2022-11-25 02:33:15'),
(133, 133, 14, '2022-11-25 02:33:15', '2022-11-25 02:33:15'),
(134, 134, 12, '2022-11-25 02:33:15', '2022-11-25 02:33:15'),
(135, 135, 13, '2022-11-25 02:33:15', '2022-11-25 02:33:15'),
(136, 136, 18, '2022-11-25 02:33:15', '2022-11-25 02:33:15'),
(137, 137, 17, '2022-11-25 02:33:15', '2022-11-25 02:33:15'),
(138, 138, 16, '2022-11-25 02:33:16', '2022-11-25 02:33:16'),
(139, 139, 15, '2022-11-25 02:33:16', '2022-11-25 02:33:16'),
(140, 140, 15, '2022-11-25 02:33:16', '2022-11-25 02:33:16'),
(141, 141, 15, '2022-11-25 02:33:16', '2022-11-25 02:33:16'),
(142, 142, 13, '2022-11-25 02:33:16', '2022-11-25 02:33:16'),
(143, 143, 16, '2022-11-25 02:33:16', '2022-11-25 02:33:16'),
(144, 144, 20, '2022-11-25 02:33:16', '2022-11-25 02:33:16'),
(145, 145, 18, '2022-11-25 02:33:16', '2022-11-25 02:33:16'),
(146, 146, 14, '2022-11-25 02:33:16', '2022-11-25 02:33:16'),
(147, 147, 11, '2022-11-25 02:33:16', '2022-11-25 02:33:16'),
(148, 148, 15, '2022-11-25 02:33:16', '2022-11-25 02:33:16'),
(149, 149, 20, '2022-11-25 02:33:16', '2022-11-25 02:33:16'),
(150, 150, 16, '2022-11-25 02:33:16', '2022-11-25 02:33:16'),
(151, 151, 14, '2022-11-25 02:33:16', '2022-11-25 02:33:16'),
(152, 152, 18, '2022-11-25 02:33:16', '2022-11-25 02:33:16'),
(153, 153, 16, '2022-11-25 02:33:16', '2022-11-25 02:33:16'),
(154, 154, 11, '2022-11-25 02:33:16', '2022-11-25 02:33:16'),
(155, 155, 11, '2022-11-25 02:33:16', '2022-11-25 02:33:16'),
(156, 156, 13, '2022-11-25 02:33:16', '2022-11-25 02:33:16'),
(157, 157, 20, '2022-11-25 02:33:16', '2022-11-25 02:33:16'),
(158, 158, 10, '2022-11-25 02:33:16', '2022-11-25 02:33:16'),
(159, 159, 11, '2022-11-25 02:33:16', '2022-11-25 02:33:16'),
(160, 160, 16, '2022-11-25 02:33:16', '2022-11-25 02:33:16'),
(161, 161, 12, '2022-11-25 02:33:16', '2022-11-25 02:33:16'),
(162, 162, 14, '2022-11-25 02:33:16', '2022-11-25 02:33:16'),
(163, 163, 13, '2022-11-25 02:33:17', '2022-11-25 02:33:17'),
(164, 164, 18, '2022-11-25 02:33:17', '2022-11-25 02:33:17'),
(165, 165, 19, '2022-11-25 02:33:17', '2022-11-25 02:33:17'),
(166, 166, 15, '2022-11-25 02:33:17', '2022-11-25 02:33:17'),
(167, 167, 20, '2022-11-25 02:33:17', '2022-11-25 02:33:17'),
(168, 168, 10, '2022-11-25 02:33:17', '2022-11-25 02:33:17'),
(169, 169, 14, '2022-11-25 02:33:17', '2022-11-25 02:33:17'),
(170, 170, 18, '2022-11-25 02:33:17', '2022-11-25 02:33:17'),
(171, 171, 18, '2022-11-25 02:33:17', '2022-11-25 02:33:17'),
(172, 172, 15, '2022-11-25 02:33:17', '2022-11-25 02:33:17'),
(173, 173, 10, '2022-11-25 02:33:17', '2022-11-25 02:33:17'),
(174, 174, 13, '2022-11-25 02:33:17', '2022-11-25 02:33:17'),
(175, 175, 11, '2022-11-25 02:33:17', '2022-11-25 02:33:17'),
(176, 176, 14, '2022-11-25 02:33:17', '2022-11-25 02:33:17'),
(177, 177, 13, '2022-11-25 02:33:17', '2022-11-25 02:33:17'),
(178, 178, 20, '2022-11-25 02:33:17', '2022-11-25 02:33:17'),
(179, 179, 14, '2022-11-25 02:33:17', '2022-11-25 02:33:17'),
(180, 180, 19, '2022-11-25 02:33:17', '2022-11-25 02:33:17'),
(181, 181, 13, '2022-11-25 02:33:17', '2022-11-25 02:33:17'),
(182, 182, 15, '2022-11-25 02:33:17', '2022-11-25 02:33:17'),
(183, 183, 11, '2022-11-25 02:33:17', '2022-11-25 02:33:17'),
(184, 184, 11, '2022-11-25 02:33:17', '2022-11-25 02:33:17'),
(185, 185, 15, '2022-11-25 02:33:17', '2022-11-25 02:33:17'),
(186, 186, 20, '2022-11-25 02:33:17', '2022-11-25 02:33:17'),
(187, 187, 10, '2022-11-25 02:33:17', '2022-11-25 02:33:17'),
(188, 188, 12, '2022-11-25 02:33:17', '2022-11-25 02:33:17'),
(189, 189, 11, '2022-11-25 02:33:17', '2022-11-25 02:33:17'),
(190, 190, 18, '2022-11-25 02:33:18', '2022-11-25 02:33:18'),
(191, 191, 20, '2022-11-25 02:33:18', '2022-11-25 02:33:18'),
(192, 192, 14, '2022-11-25 02:33:18', '2022-11-25 02:33:18'),
(193, 193, 18, '2022-11-25 02:33:18', '2022-11-25 02:33:18'),
(194, 194, 10, '2022-11-25 02:33:18', '2022-11-25 02:33:18'),
(195, 195, 14, '2022-11-25 02:33:18', '2022-11-25 02:33:18'),
(196, 196, 13, '2022-11-25 02:33:18', '2022-11-25 02:33:18'),
(197, 197, 17, '2022-11-25 02:33:18', '2022-11-25 02:33:18'),
(198, 198, 19, '2022-11-25 02:33:18', '2022-11-25 02:33:18'),
(199, 199, 20, '2022-11-25 02:33:18', '2022-11-25 02:33:18'),
(200, 200, 11, '2022-11-25 02:33:18', '2022-11-25 02:33:18');

-- --------------------------------------------------------

--
-- Table structure for table `users`
--

CREATE TABLE `users` (
  `id` bigint(20) UNSIGNED NOT NULL,
  `name` varchar(255) COLLATE utf8mb4_unicode_ci NOT NULL,
  `email` varchar(255) COLLATE utf8mb4_unicode_ci NOT NULL,
  `email_verified_at` timestamp NULL DEFAULT NULL,
  `password` varchar(255) COLLATE utf8mb4_unicode_ci NOT NULL,
  `remember_token` varchar(100) COLLATE utf8mb4_unicode_ci DEFAULT NULL,
  `created_at` timestamp NULL DEFAULT NULL,
  `updated_at` timestamp NULL DEFAULT NULL
) ENGINE=InnoDB DEFAULT CHARSET=utf8mb4 COLLATE=utf8mb4_unicode_ci;

--
-- Dumping data for table `users`
--

INSERT INTO `users` (`id`, `name`, `email`, `email_verified_at`, `password`, `remember_token`, `created_at`, `updated_at`) VALUES
(1, 'Md Anwar Hossain', 'anwarhossain7736@gmail.com', NULL, 'Anwar12345', NULL, NULL, NULL);

--
-- Indexes for dumped tables
--

--
-- Indexes for table `failed_jobs`
--
ALTER TABLE `failed_jobs`
  ADD PRIMARY KEY (`id`),
  ADD UNIQUE KEY `failed_jobs_uuid_unique` (`uuid`);

--
-- Indexes for table `migrations`
--
ALTER TABLE `migrations`
  ADD PRIMARY KEY (`id`);

--
-- Indexes for table `orders`
--
ALTER TABLE `orders`
  ADD PRIMARY KEY (`id`),
  ADD UNIQUE KEY `orders_invoice_no_unique` (`invoice_no`),
  ADD KEY `orders_user_id_foreign` (`user_id`);

--
-- Indexes for table `order_details`
--
ALTER TABLE `order_details`
  ADD PRIMARY KEY (`id`),
  ADD KEY `order_details_order_id_foreign` (`order_id`),
  ADD KEY `order_details_product_id_foreign` (`product_id`);

--
-- Indexes for table `password_resets`
--
ALTER TABLE `password_resets`
  ADD KEY `password_resets_email_index` (`email`);

--
-- Indexes for table `personal_access_tokens`
--
ALTER TABLE `personal_access_tokens`
  ADD PRIMARY KEY (`id`),
  ADD UNIQUE KEY `personal_access_tokens_token_unique` (`token`),
  ADD KEY `personal_access_tokens_tokenable_type_tokenable_id_index` (`tokenable_type`,`tokenable_id`);

--
-- Indexes for table `products`
--
ALTER TABLE `products`
  ADD PRIMARY KEY (`id`),
  ADD UNIQUE KEY `products_name_unique` (`name`);

--
-- Indexes for table `product_stocks`
--
ALTER TABLE `product_stocks`
  ADD PRIMARY KEY (`id`),
  ADD KEY `product_stocks_product_id_foreign` (`product_id`);

--
-- Indexes for table `users`
--
ALTER TABLE `users`
  ADD PRIMARY KEY (`id`),
  ADD UNIQUE KEY `users_email_unique` (`email`);

--
-- AUTO_INCREMENT for dumped tables
--

--
-- AUTO_INCREMENT for table `failed_jobs`
--
ALTER TABLE `failed_jobs`
  MODIFY `id` bigint(20) UNSIGNED NOT NULL AUTO_INCREMENT;

--
-- AUTO_INCREMENT for table `migrations`
--
ALTER TABLE `migrations`
  MODIFY `id` int(10) UNSIGNED NOT NULL AUTO_INCREMENT, AUTO_INCREMENT=9;

--
-- AUTO_INCREMENT for table `orders`
--
ALTER TABLE `orders`
  MODIFY `id` bigint(20) UNSIGNED NOT NULL AUTO_INCREMENT, AUTO_INCREMENT=26;

--
-- AUTO_INCREMENT for table `order_details`
--
ALTER TABLE `order_details`
  MODIFY `id` bigint(20) UNSIGNED NOT NULL AUTO_INCREMENT, AUTO_INCREMENT=34;

--
-- AUTO_INCREMENT for table `personal_access_tokens`
--
ALTER TABLE `personal_access_tokens`
  MODIFY `id` bigint(20) UNSIGNED NOT NULL AUTO_INCREMENT;

--
-- AUTO_INCREMENT for table `products`
--
ALTER TABLE `products`
  MODIFY `id` bigint(20) UNSIGNED NOT NULL AUTO_INCREMENT, AUTO_INCREMENT=201;

--
-- AUTO_INCREMENT for table `product_stocks`
--
ALTER TABLE `product_stocks`
  MODIFY `id` bigint(20) UNSIGNED NOT NULL AUTO_INCREMENT, AUTO_INCREMENT=201;

--
-- AUTO_INCREMENT for table `users`
--
ALTER TABLE `users`
  MODIFY `id` bigint(20) UNSIGNED NOT NULL AUTO_INCREMENT, AUTO_INCREMENT=2;

--
-- Constraints for dumped tables
--

--
-- Constraints for table `orders`
--
ALTER TABLE `orders`
  ADD CONSTRAINT `orders_user_id_foreign` FOREIGN KEY (`user_id`) REFERENCES `users` (`id`) ON DELETE CASCADE;

--
-- Constraints for table `order_details`
--
ALTER TABLE `order_details`
  ADD CONSTRAINT `order_details_order_id_foreign` FOREIGN KEY (`order_id`) REFERENCES `orders` (`id`) ON DELETE CASCADE,
  ADD CONSTRAINT `order_details_product_id_foreign` FOREIGN KEY (`product_id`) REFERENCES `products` (`id`) ON DELETE CASCADE;

--
-- Constraints for table `product_stocks`
--
ALTER TABLE `product_stocks`
  ADD CONSTRAINT `product_stocks_product_id_foreign` FOREIGN KEY (`product_id`) REFERENCES `products` (`id`) ON DELETE CASCADE;
COMMIT;

/*!40101 SET CHARACTER_SET_CLIENT=@OLD_CHARACTER_SET_CLIENT */;
/*!40101 SET CHARACTER_SET_RESULTS=@OLD_CHARACTER_SET_RESULTS */;
/*!40101 SET COLLATION_CONNECTION=@OLD_COLLATION_CONNECTION */;
